model_name,dataset,threshold,roc_auc,pr_auc,brier_score,accuracy,balanced_accuracy,precision,recall,f1,mcc,review_rate,business_cost,true_negative,false_positive,false_negative,true_positive,default_count,non_default_count
xgboost_weighted,test,0.5,0.7467676293046982,0.21678486134973546,0.20349354186781923,0.6607647671477459,0.6907582053142596,0.17290389881340462,0.7273724629731212,0.27939317319848295,0.22536481027735017,0.3803501463075931,5656500.0,11997,6343,497,1326,1823,18340
random_forest_balanced,test,0.5,0.7410734400077525,0.21188136448587228,0.1970554075569454,0.6767842086991023,0.6793092443519766,0.17321080478975215,0.6823916620954471,0.27629094947251526,0.21475777739733934,0.35619699449486686,5864000.0,12402,5938,579,1244,1823,18340
logistic_regression_balanced,test,0.5,0.7395187567558836,0.20919264285800732,0.20810831778096725,0.6748995685165898,0.6834604750519084,0.17419443679427155,0.693911135490949,0.27848101265822783,0.21919250477315858,0.3601646580369985,5788500.0,12343,5997,558,1265,1823,18340
