model_name,dataset,threshold,roc_auc,pr_auc,brier_score,accuracy,balanced_accuracy,precision,recall,f1,mcc,review_rate,business_cost,true_negative,false_positive,false_negative,true_positive,default_count,non_default_count
xgboost_weighted,validation,0.5,0.7511010108925632,0.22939320733623356,0.20409188102458142,0.659772851262213,0.6872488246930802,0.17142857142857143,0.7207899067471202,0.2769814502529511,0.22124107312406294,0.38015176313048654,5720500.0,11989,6351,509,1314,1823,18340
random_forest_balanced,validation,0.5,0.7437131323910937,0.22339799343980157,0.19821762064962345,0.6770321876704856,0.6806806102323935,0.17378600250452206,0.6851343938562808,0.2772475027746948,0.21636664129181105,0.35644497346625004,5839000.0,12402,5938,574,1249,1823,18340
logistic_regression_balanced,validation,0.5,0.7443898722909916,0.21967490711144289,0.20838572944667147,0.6718246292714378,0.6765829629997411,0.17083218895907717,0.6823916620954471,0.2732564524986271,0.21084905946501398,0.36115657392253137,5914000.0,12302,6038,579,1244,1823,18340
