evaluation_view,model_name,dataset,threshold,roc_auc,pr_auc,brier_score,recall,precision,f1,balanced_accuracy,mcc,review_rate,business_cost,false_negative,false_positive,true_positive,true_negative,selected_operating_threshold
validation_default_0_50,xgboost_weighted,validation,0.5,0.7511010108925632,0.2293932073362335,0.2040918810245814,0.7207899067471202,0.1714285714285714,0.2769814502529511,0.6872488246930802,0.2212410731240629,0.3801517631304865,5720500.0,509,6351,1314,11989,False
test_default_0_50,xgboost_weighted,test,0.5,0.7467676293046982,0.2167848613497354,0.2034935418678192,0.7273724629731212,0.1729038988134046,0.2793931731984829,0.6907582053142596,0.2253648102773501,0.3803501463075931,5656500.0,497,6343,1326,11997,False
validation_selected_operating_threshold,xgboost_weighted,validation,0.565,0.7511010108925632,0.2293932073362335,0.2040918810245814,0.6193088315962699,0.1896204232448774,0.2903433200462904,0.6781113405527697,0.223938309669643,0.2952933591231463,5882500.0,694,4825,1129,13515,True
test_selected_operating_threshold,xgboost_weighted,test,0.565,0.7467676293046982,0.2167848613497354,0.2034935418678191,0.6149204607789358,0.1909710391822827,0.2914337709606135,0.6779891289718016,0.2247168952624678,0.2911273124039081,5884500.0,702,4749,1121,13591,True
