defaulter,row_count,share
0,122264,0.9095873289836851
1,12153,0.0904126710163149
